{
    "days":[
        {
            "date":1,
            "width": "200px",
            "height": "200px",
            "content":"image",
            "url": "./assets/christmas.jpg",
            "animation":"slide"
        },
        {
            "date":2,
            "width": "300px",
            "height": "200px",
            "content":"youtube",
            "embed": "<iframe width=\"100%\" height=\"100%\" src=\"https://www.youtube.com/embed/tXOyn99t7_E\" title=\"YouTube video player\" frameborder=\"0\" allow=\"accelerometer; autoplay; clipboard-write; encrypted-media; gyroscope; picture-in-picture\" allowfullscreen></iframe>",
            "animation":"slide"
        }
    ]
}